claim_id,claim_category,claim_statement,claim_status,empirical_evidence_metric,scientific_justification_and_boundary,manuscript_drafting_guideline
CLAIM-01,Dimensionality Reduction,"MOFA2 compresses 11,402 high-dimensional multi-modal features into 15 orthogonal latent factors capturing 27.55% RNA, 58.61% Methylation, and 66.27% CNV total variance.",DIRECTLY_SUPPORTED,"MOFA2 model fit: RNA R2 = 27.55%, Methylation R2 = 58.61%, CNV R2 = 66.27% across N=285 cohort.",Direct empirical output from the frozen N=285 MOFA2 decomposition. Confirms multi-omic data integration without over-fitting.,State exact variance explained per modality as empirical descriptive statistics of the latent factor decomposition.
CLAIM-02,Somatic Mutation Contribution,Somatic SNV mutations provide a negligible contribution to total latent multi-omic variance (R2 = 0.0892%) in the unsupervised MOFA2 framework.,DIRECTLY_SUPPORTED,Frozen MOFA2 model total SNV R2 = 0.0892%; per-factor SNV R2 ranges from 0.0032% to 0.0078%.,"Verified empirical reality. Sparse binary mutation events (even in hotspot genes like TP53, CTNNB1) contribute virtually no continuous co-variance compared to dense continuous transcriptomic and epigenomic profiles.",Explicitly report the 0.089% SNV variance in the Results. Do not obscure or exaggerate mutation-level influence.
CLAIM-03,Multi-Modal Synergy,"The 15-factor latent representation reflects balanced four-way mechanistic synergy equally driven by RNA, methylation, CNV, and SNV.",UNSUPPORTED_OVERSTATED,"SNV R2 is 0.0892%, whereas Methylation is 58.61% and CNV is 66.27% (over 650-fold difference in variance captured).",Mathematically false and scientifically inaccurate. Claiming 'four-way synergy' misrepresents the factual variance distribution where SNV is virtually silent.,"STRICTLY PROHIBITED. State honestly that the latent space is predominantly driven by copy number, epigenomic, and transcriptomic variation, with negligible somatic mutation contribution."
CLAIM-04,Somatic Mutation Driver Role,Specific somatic SNVs (e.g. TP53 or CTNNB1) act as the primary prognostic drivers in the final multi-omics survival model.,UNSUPPORTED_OVERSTATED,SNV feature weights across prognostic factors are minuscule (|w| < 0.002) compared to RNA (|w| up to 1.93) and Methylation (|w| up to 1.32).,"Contradicted by model weights and variance explained. While CTNNB1 and TP53 align with Factor 2 orientation, their mathematical weight is negligible.","STRICTLY PROHIBITED. Mention TP53/CTNNB1 alignment only as biological corroboration of tumor subtypes, never as primary prognostic drivers."
CLAIM-05,Prognostic Latent Driver,"Factor 2 represents the primary multi-omic prognostic driver, demonstrating strong univariate association (HR = 0.775, p = 0.00022, C = 0.626) and dominant selection in ElasticNet-Cox (coef = -0.1665).",DIRECTLY_SUPPORTED,"Univariate Cox: z = -3.69, p = 0.000224, C = 0.6261; ElasticNet beta = -0.1665 (largest non-zero coefficient by far).",Rigorous empirical convergence between univariate Wald statistics and 5-fold cross-validated penalized regression on N=285.,Highlight Factor 2 as the central biological and mathematical prognostic component of the multi-omics signature.
CLAIM-06,Secondary Prognostic Factors,"Factors 1, 3, 8, 14, and 15 provide secondary, modest prognostic modulation in the penalized ElasticNet-Cox model.",EXPLORATORY_STATISTICALLY_SUPPORTED,"ElasticNet coefficients: Factor 14 (-0.0455), Factor 1 (-0.0412), Factor 8 (+0.0398), Factor 15 (+0.0165), Factor 3 (+0.0028); univariate p-values range 0.051 to 0.129.","These factors have modest effect sizes and marginal univariate significance (p ~ 0.05 - 0.13), though retained under L1/L2 regularization.",Describe these factors as secondary modulators and treat their individual biological interpretations as exploratory.
CLAIM-07,Biological Differentiation vs Proliferation Axis,"Factor 2 captures a robust transcriptomic axis contrasting mature hepatocyte metabolic differentiation (cytochrome P450, xenobiotic and fatty acid metabolism; BH FDR < 1e-15) against mitotic cell-cycle progression (nuclear division, chromosome segregation; BH FDR < 1e-20).",DIRECTLY_SUPPORTED,clusterProfiler GO BP: positive loadings enriched in steroid/xenobiotic metabolism (FDR = 7.1e-23); negative loadings enriched in nuclear division (FDR = 6.8e-25).,"Overwhelming statistical enrichment with dozens of core genes per pathway, fully consistent with established LIHC molecular subtypes.",Present this differentiation vs proliferation dichotomy as the core biological narrative explaining the prognostic performance of the model.
CLAIM-08,Causal Mechanistic Claims,Over-representation pathway enrichment proves that dysregulation of cytochrome P450 and mitotic pathways causally governs patient mortality in LIHC.,UNSUPPORTED_OVERSTATED,ORA enrichment is purely observational correlative gene-set overlap testing on static cross-sectional bulk tumor profiles.,Observational bulk transcriptomics cannot establish mechanistic or molecular causality without targeted perturbation experiments.,"STRICTLY PROHIBITED. Frame findings as functional pathway associations and biological hallmarks, never as proven causal mechanisms."
CLAIM-09,Epigenomic Factor 1 Biology,Factor 1 captures large-scale DNA methylation reprogramming (46.42% of methylation variance) correlated with stem-cell markers such as EPCAM.,DIRECTLY_SUPPORTED,"Factor 1 explains 46.42% methylation variance, top positive RNA loading is EPCAM (+0.481), top methylation probe cg03784302 (+1.316).",Direct empirical output from MOFA2 factor loadings and variance decomposition.,Discuss Factor 1 as an epigenomic architecture axis linked to hepatic progenitor phenotypes.
CLAIM-10,Factor Stability Across CV Runs,"The primary prognostic factor (Factor 2) is highly reproducible across all 25 outer CV runs, exhibiting an average Pearson correlation of r = 0.9784 to the frozen model and 100% selection frequency in outer fold ElasticNet models.",DIRECTLY_SUPPORTED,"25 outer CV checkpoints: Factor 2 mean |r| = 0.9784 (SD = 0.0125), 96% exact index match, 100% ElasticNet selection frequency, mean sign-aligned HR = 0.7603.",Empirically quantified from the 25 completed outer cross-validation folds without retraining.,Report these stability metrics as strong validation of the reproducibility of the primary multi-omic survival signal.
CLAIM-11,Minor Factor Stability,All 15 MOFA latent factors are uniformly stable and independently reproducible across cross-validation runs.,UNSUPPORTED_OVERSTATED,"Factors 10-15 exhibit mean correlations of r = 0.56 - 0.67, exact ID matches < 25%, and selection frequencies < 36%.",Higher-order MOFA factors capture minor noise/focal variance and undergo rotational mixing across subsamples.,STRICTLY PROHIBITED. Acknowledge that stability is strong for top factors (Factors 1-5) but attenuates for higher-order factors.
CLAIM-12,Incremental Value Over Clinical Covariates,"Combining multi-omics latent factors with standard clinical staging variables (Age, Gender, AJCC Stage, Grade) yields a modest increase in discrimination (25-fold mean C = 0.6120 vs 0.5974 clinical-only; Delta C = +0.0146, paired t p = 0.272; 5-repeat pooled C = 0.6097 vs 0.5883).",DIRECTLY_SUPPORTED,"25-fold nested CV benchmark: Clinical C = 0.5974, Multi-omics C = 0.5875, Combined C = 0.6120; Delta C = +0.0146; pooled 5-repeat Delta C = +0.0214.","Rigorous, pre-specified in-fold benchmark without post hoc feature engineering.",Characterize the incremental prognostic value of multi-omics beyond clinical staging as modest (+1.5 to +2.1 percentage points) and non-significant at fold level.
CLAIM-13,Clinical Staging Replacement,The multi-omics signature significantly outperforms clinical staging and can immediately replace AJCC TNM stage in clinical practice.,UNSUPPORTED_OVERSTATED,Multi-omics alone (C = 0.5875) does not surpass clinical staging alone (C = 0.5974). Delta C is +0.0146 and not statistically significant (p = 0.272).,Directly contradicted by empirical data. Multi-omics does not outperform clinical stage alone and provides only incremental support when combined.,STRICTLY PROHIBITED. Explicitly state that multi-omics complements rather than replaces clinical staging.
CLAIM-14,Clinical Diagnostic Readiness,The developed multi-omics model is clinically validated and ready for diagnostic or therapeutic decision-making at the bedside.,UNSUPPORTED_OVERSTATED,"Development C-index is ~0.59-0.61, holdout C-index is 0.62, holdout risk stratification HR is 0.834 (p = 0.695).","A C-index of ~0.60 represents research-grade prognostic discrimination, far below the threshold required for clinical adoption (> 0.75-0.80).","STRICTLY PROHIBITED. Frame the pipeline strictly as an exploratory research methodology, explicitly denying clinical biomarker readiness."
CLAIM-15,Preprint Discrimination Overstatement,The multi-omics pipeline achieves excellent survival discrimination with Concordance index exceeding 0.75 to 0.85.,UNSUPPORTED_OVERSTATED,25-run nested CV multi-omics C-index is 0.5875 (SD = 0.0707); holdout C-index is 0.6200.,"Preprint claims of C > 0.80 were artifacts of fatal data leakage (full-cohort MOFA2 and un-split feature selection). Under strict nested cross-validation, honest C is ~0.59.",STRICTLY PROHIBITED. Emphasize honest out-of-fold performance (~0.59) and holdout evaluation (0.62) as the true unbiased benchmarks.
CLAIM-16,Brier Score Calibration Benchmark,An Integrated Brier Score (IBS) or Brier score below 0.25 constitutes definitive mathematical proof of excellent absolute survival calibration.,UNSUPPORTED_OVERSTATED,A null uninformative model predicting a constant 50% survival probability yields an IBS of exactly 0.25 (0.5^2 = 0.25).,"Methodological fallacy. IBS < 0.25 is merely the uninformative null threshold. Mean 3-year Brier scores here are ~0.222-0.229, indicating modest accuracy.",STRICTLY PROHIBITED. Report Brier scores (0.222-0.229) accurately against null reference baselines without claiming 'perfect calibration'.
CLAIM-17,Probabilistic Calibration Performance,"The combined model demonstrates acceptable absolute calibration at 3 years, slightly reducing IPCW prediction error compared to clinical alone (mean Brier 0.2225 vs 0.2297).",DIRECTLY_SUPPORTED,"IPCW 3-year Brier score: Combined = 0.2225, Omics = 0.2275, Clinical = 0.2297 across 25 folds.",Empirical calculation using in-fold Breslow cumulative baseline hazard and inverse probability of censoring weights.,Report the modest reduction in Brier score as evidence of consistent probabilistic calibration.
CLAIM-18,Holdout Kaplan-Meier Stratification,The multi-omics model achieves statistically significant risk stratification into high- and low-risk survival groups on the independent N=65 holdout.,UNSUPPORTED_OVERSTATED,"Single holdout evaluation: Log-rank p = 0.695, Dichotomized Cox HR = 0.834 (95% CI: 0.339 - 2.052).","Directly disproven by the single holdout evaluation. Continuous discrimination held (C = 0.6200), but median binarization failed to achieve statistical separation.","STRICTLY PROHIBITED. Transparently state that while continuous concordance was preserved (C = 0.62), median threshold binarization on N=65 was not statistically significant."
CLAIM-19,Holdout Concordance Generalization,Continuous multi-omics risk scores generalize to the locked N=65 holdout cohort without performance collapse (Holdout C = 0.6200 vs CV C = 0.5875).,DIRECTLY_SUPPORTED,N=65 Holdout Harrell's C-index = 0.6200 (se = 0.0573); CV mean C = 0.5875.,"Empirical fact from the single, locked evaluation of the N=65 holdout.",Report holdout concordance as evidence that continuous ranking ability generalizes without overfitting.
CLAIM-20,Holdout Integrity & Zero Leakage,"The independent N=65 holdout cohort was evaluated exactly once, remained strictly quarantined throughout all biological and clinical enrichment analyses, and underwent zero retraining or threshold tuning.",DIRECTLY_SUPPORTED,"Audit trail confirmed: zero access to N=65 holdout data files during Phases 1, 2, 3, or 4.",Strict computational quarantine enforced by protocol and verified by file access logs.,Reiterate the strict holdout quarantine in the Methods section as a cornerstone of reproducibility.
