run_index,run_id,repeat_id,fold_id,model,c_index,brier_1yr,brier_3yr,brier_5yr,ibs
1,Fold1.Rep01,1,1,LASSO-Cox,0.568055555555556,0.141231897985665,0.215167275170849,0.201743851950489,0.186047675035668
1,Fold1.Rep01,1,1,ElasticNet,0.568055555555556,0.140836663509968,0.214640075508939,0.202481522429597,0.185986087149501
1,Fold1.Rep01,1,1,XGBoost-AFT,0.475,0.165858589007133,0.337773225240908,0.549728350164337,0.351120054804126
1,Fold1.Rep01,1,1,RandomSurvivalForest,0.618055555555556,0.140912300950002,0.214202656316454,0.214896831241923,0.190003929502793
2,Fold2.Rep01,1,2,LASSO-Cox,0.576138147566719,0.136828947445552,0.226853482202441,0.29948172034589,0.221054716664628
2,Fold2.Rep01,1,2,ElasticNet,0.558869701726845,0.136317338561951,0.226954750548533,0.299969969395453,0.221080686168646
2,Fold2.Rep01,1,2,XGBoost-AFT,0.425431711145997,0.165610004095827,0.332839023530412,0.502530633608196,0.333659887078145
2,Fold2.Rep01,1,2,RandomSurvivalForest,0.511773940345369,0.144089615807029,0.262276920009052,0.346399538174736,0.250922024663606
3,Fold3.Rep01,1,3,LASSO-Cox,0.55448717948718,0.149122965717102,0.24659021385977,0.262570570902197,0.219427916826356
3,Fold3.Rep01,1,3,ElasticNet,0.551282051282051,0.147978753347606,0.245174967220192,0.260071056231868,0.217741592266555
3,Fold3.Rep01,1,3,XGBoost-AFT,0.55849358974359,0.171172210524564,0.371413565888844,0.557727795535931,0.36677119064978
3,Fold3.Rep01,1,3,RandomSurvivalForest,0.520833333333333,0.146383240728445,0.252649420286552,0.231932871128744,0.210321844047914
4,Fold4.Rep01,1,4,LASSO-Cox,0.544093178036606,0.104543012891673,0.242260767384928,0.226668927575174,0.191157569283925
4,Fold4.Rep01,1,4,ElasticNet,0.544093178036606,0.103751462416172,0.243809707684502,0.232027840812658,0.193196336971111
4,Fold4.Rep01,1,4,XGBoost-AFT,0.508319467554077,0.112132491095565,0.416298003744366,0.464767775272556,0.331066090037496
4,Fold4.Rep01,1,4,RandomSurvivalForest,0.585690515806988,0.115898515814943,0.272758729484956,0.280974351752442,0.22321053235078
5,Fold5.Rep01,1,5,LASSO-Cox,0.589371980676329,0.196819731701835,0.232099044434708,0.20645749364003,0.211792089925524
5,Fold5.Rep01,1,5,ElasticNet,0.588164251207729,0.196973124781773,0.233340594972222,0.208092344481807,0.212802021411934
5,Fold5.Rep01,1,5,XGBoost-AFT,0.495169082125604,0.257705325602908,0.436352669656724,0.49795250750239,0.397336834254007
5,Fold5.Rep01,1,5,RandomSurvivalForest,0.539855072463768,0.195148654115611,0.226662488003052,0.222751116690044,0.214854086269569
6,Fold1.Rep02,2,1,LASSO-Cox,0.517887563884157,0.112170125104732,0.235499923056773,0.298639197839148,0.215436415333551
6,Fold1.Rep02,2,1,ElasticNet,0.517887563884157,0.112221590832268,0.233553756919247,0.298997429171735,0.214924258974417
6,Fold1.Rep02,2,1,XGBoost-AFT,0.525553662691653,0.113416680281266,0.330620061727608,0.600885580459397,0.348307440822757
6,Fold1.Rep02,2,1,RandomSurvivalForest,0.504258943781942,0.128893588414885,0.233492353957106,0.28276509186425,0.215050344745413
7,Fold2.Rep02,2,2,LASSO-Cox,0.5984375,0.108305105803983,0.236397596397598,0.274874612953083,0.206525771718221
7,Fold2.Rep02,2,2,ElasticNet,0.5984375,0.10766673681377,0.237453064246349,0.277369032762213,0.207496277940777
7,Fold2.Rep02,2,2,XGBoost-AFT,0.475,0.126016281613081,0.416805622784502,0.413916063529454,0.318912655975679
7,Fold2.Rep02,2,2,RandomSurvivalForest,0.6484375,0.132022446975069,0.216114354349335,0.272722176108519,0.206952992477641
8,Fold3.Rep02,2,3,LASSO-Cox,0.700906344410876,0.134317287760621,0.229099579876956,0.214326348340153,0.192581071992576
8,Fold3.Rep02,2,3,ElasticNet,0.687311178247734,0.135261993516323,0.230104169270292,0.215495564544008,0.193620575776874
8,Fold3.Rep02,2,3,XGBoost-AFT,0.465256797583082,0.187699284799291,0.354971565768897,0.404088341006825,0.315586397191671
8,Fold3.Rep02,2,3,RandomSurvivalForest,0.583081570996979,0.143283476012589,0.297492616601163,0.304525072423625,0.248433721679126
9,Fold4.Rep02,2,4,LASSO-Cox,0.473350253807107,0.187450665625397,0.233897005902805,0.18464049938434,0.201996056970847
9,Fold4.Rep02,2,4,ElasticNet,0.478426395939086,0.186404063805071,0.232212573880406,0.183679967743438,0.200765535142972
9,Fold4.Rep02,2,4,XGBoost-AFT,0.418781725888325,0.219709018406522,0.341741700191647,0.513008218461258,0.358152979019809
9,Fold4.Rep02,2,4,RandomSurvivalForest,0.434010152284264,0.192297061571731,0.239684264449644,0.205140320669676,0.21237388223035
10,Fold5.Rep02,2,5,LASSO-Cox,0.707913669064748,0.170830147627859,0.196063942322499,0.245520992572356,0.204138360840905
10,Fold5.Rep02,2,5,ElasticNet,0.707913669064748,0.156418261495116,0.174072476694125,0.224263486066021,0.184918074751754
10,Fold5.Rep02,2,5,XGBoost-AFT,0.556115107913669,0.238283760910609,0.399119935611338,0.588746395990151,0.408716697504033
10,Fold5.Rep02,2,5,RandomSurvivalForest,0.628776978417266,0.175170556426333,0.212450610698616,0.253161849486702,0.21359433887055
11,Fold1.Rep03,3,1,LASSO-Cox,0.569875776397516,0.125483200156311,0.249146101479601,0.209744606247449,0.194791302627787
11,Fold1.Rep03,3,1,ElasticNet,0.569875776397516,0.126210683390074,0.248856472432282,0.209049117543565,0.194705424455307
11,Fold1.Rep03,3,1,XGBoost-AFT,0.509316770186335,0.152778024654066,0.45808130823449,0.513819099916627,0.374892810935061
11,Fold1.Rep03,3,1,RandomSurvivalForest,0.540372670807454,0.12652700856766,0.25995921588982,0.207260320258558,0.197915514905346
12,Fold2.Rep03,3,2,LASSO-Cox,0.671592775041051,0.139598482881898,0.196553920020564,0.183862264553636,0.173338222485366
12,Fold2.Rep03,3,2,ElasticNet,0.671592775041051,0.140168738438256,0.198019523299047,0.185000408498735,0.174396223412013
12,Fold2.Rep03,3,2,XGBoost-AFT,0.556650246305419,0.184263279091773,0.310724899380988,0.595331236587468,0.363439805020076
12,Fold2.Rep03,3,2,RandomSurvivalForest,0.610837438423645,0.138819846428242,0.221802291703716,0.212182684836319,0.190934940989426
13,Fold3.Rep03,3,3,LASSO-Cox,0.689127105666156,0.124848136611267,0.187500817626323,0.211445822507776,0.174598258915122
13,Fold3.Rep03,3,3,ElasticNet,0.689127105666156,0.123666899059198,0.188052619517293,0.212070229927525,0.174596582834672
13,Fold3.Rep03,3,3,XGBoost-AFT,0.642419601837672,0.149650158774472,0.374411419683488,0.474673308151913,0.332911628869958
13,Fold3.Rep03,3,3,RandomSurvivalForest,0.715160796324656,0.129832352164536,0.192697620963618,0.232749949843883,0.185093307657346
14,Fold4.Rep03,3,4,LASSO-Cox,0.538461538461538,0.1903511960238,0.234735099487615,0.23794431739052,0.221010204300645
14,Fold4.Rep03,3,4,ElasticNet,0.542183622828784,0.191059694241061,0.232810604074876,0.236117820458965,0.219996039591634
14,Fold4.Rep03,3,4,XGBoost-AFT,0.413151364764268,0.256601599080055,0.358321351137219,0.473367494865743,0.362763481694339
14,Fold4.Rep03,3,4,RandomSurvivalForest,0.5,0.185270764357791,0.253367010095543,0.23814216129687,0.225593311916735
15,Fold5.Rep03,3,5,LASSO-Cox,0.563400576368876,0.118509258434847,0.25060918398497,0.383860416201495,0.25099295287377
15,Fold5.Rep03,3,5,ElasticNet,0.569164265129683,0.117719549235277,0.248653478175124,0.375549473897082,0.247307500435828
15,Fold5.Rep03,3,5,XGBoost-AFT,0.572766570605187,0.128679091079434,0.38876128430147,0.509049925934229,0.342163433771711
15,Fold5.Rep03,3,5,RandomSurvivalForest,0.577809798270893,0.136680219727785,0.261933472535051,0.361925469285036,0.253513053849291
16,Fold1.Rep04,4,1,LASSO-Cox,0.600554785020804,0.158736123630897,0.20677613358256,0.18823981614543,0.184584024452963
16,Fold1.Rep04,4,1,ElasticNet,0.604715672676838,0.155346992732577,0.206628839620306,0.19001746168884,0.183997764680574
16,Fold1.Rep04,4,1,XGBoost-AFT,0.53120665742025,0.170587030231742,0.364578892844271,0.461402116801178,0.332189346625731
16,Fold1.Rep04,4,1,RandomSurvivalForest,0.529819694868239,0.160920709306293,0.229441714510339,0.215091848921092,0.201818090912575
17,Fold2.Rep04,4,2,LASSO-Cox,0.476833976833977,0.105030712284173,0.246961150526872,0.391097649492305,0.247696504101117
17,Fold2.Rep04,4,2,ElasticNet,0.478764478764479,0.107147983148913,0.262507185979718,0.419329068338852,0.262994745822494
17,Fold2.Rep04,4,2,XGBoost-AFT,0.53957528957529,0.105646189044835,0.253376794258571,0.645637267448496,0.334886750250634
17,Fold2.Rep04,4,2,RandomSurvivalForest,0.457528957528958,0.130895444017638,0.310290647121129,0.40719948262616,0.282795191254976
18,Fold3.Rep04,4,3,LASSO-Cox,0.538944723618091,0.19884371446865,0.218348978909685,0.205564068872536,0.207585587416957
18,Fold3.Rep04,4,3,ElasticNet,0.538944723618091,0.199150871625432,0.218011267481298,0.204371743565748,0.207177960890826
18,Fold3.Rep04,4,3,XGBoost-AFT,0.439698492462312,0.256535493769432,0.38443961217326,0.505944770425469,0.382306625456053
18,Fold3.Rep04,4,3,RandomSurvivalForest,0.571608040201005,0.186236470051606,0.218517250494894,0.204856225990187,0.203203315512229
19,Fold4.Rep04,4,4,LASSO-Cox,0.64441416893733,0.152017896345586,0.23593158006286,0.192166980943556,0.193372152450667
19,Fold4.Rep04,4,4,ElasticNet,0.645776566757493,0.152897285258613,0.236437854843808,0.193800298709185,0.194378479603868
19,Fold4.Rep04,4,4,XGBoost-AFT,0.557220708446867,0.204253520292555,0.45185152157939,0.500971367096765,0.385692136322903
19,Fold4.Rep04,4,4,RandomSurvivalForest,0.599455040871935,0.153928679922796,0.251924191869687,0.235004131173245,0.213619000988576
20,Fold5.Rep04,4,5,LASSO-Cox,0.63961038961039,0.106971834304511,0.230462372390841,0.252244236750546,0.196559481148633
20,Fold5.Rep04,4,5,ElasticNet,0.646103896103896,0.107050464476602,0.22789310187598,0.247994893587538,0.19431281998004
20,Fold5.Rep04,4,5,XGBoost-AFT,0.609577922077922,0.127523335005865,0.415000897042223,0.460318841771985,0.334281024606691
20,Fold5.Rep04,4,5,RandomSurvivalForest,0.647727272727273,0.110298331347474,0.230778311805623,0.270995453449004,0.204024032200701
21,Fold1.Rep05,5,1,LASSO-Cox,0.523956723338485,0.139175430547399,0.272911411061126,0.340012508842118,0.250699783483548
21,Fold1.Rep05,5,1,ElasticNet,0.525502318392581,0.139341423770271,0.273187278166316,0.340816963045198,0.251115221660595
21,Fold1.Rep05,5,1,XGBoost-AFT,0.465996908809892,0.170787300327901,0.368796505879962,0.513579007775683,0.351054271327849
21,Fold1.Rep05,5,1,RandomSurvivalForest,0.608964451313756,0.13784353386686,0.291192333744521,0.353141229019838,0.260725698877073
22,Fold2.Rep05,5,2,LASSO-Cox,0.645251396648045,0.150899547963497,0.20278237002243,0.299293920698437,0.217658612894788
22,Fold2.Rep05,5,2,ElasticNet,0.646648044692737,0.15118121708401,0.203324436494103,0.300787036414806,0.218430896664306
22,Fold2.Rep05,5,2,XGBoost-AFT,0.516061452513967,0.187135974741896,0.323151780238148,0.534555351592536,0.348281035524193
22,Fold2.Rep05,5,2,RandomSurvivalForest,0.608938547486034,0.156503994064194,0.222541313358584,0.335392095978748,0.238145801133842
23,Fold3.Rep05,5,3,LASSO-Cox,0.630173564753004,0.14009138697537,0.21219888393352,0.182205176192032,0.178165149033641
23,Fold3.Rep05,5,3,ElasticNet,0.616822429906542,0.138721701427984,0.215483323050987,0.184508640137713,0.179571221538895
23,Fold3.Rep05,5,3,XGBoost-AFT,0.550066755674232,0.183777238366114,0.412579550753129,0.466036864532647,0.354131217883963
23,Fold3.Rep05,5,3,RandomSurvivalForest,0.563417890520694,0.152309125539621,0.233744290531204,0.212580718328698,0.199544711466508
24,Fold4.Rep05,5,4,LASSO-Cox,0.53394495412844,0.108096364041838,0.212399434551957,0.16573137690261,0.162075725165468
24,Fold4.Rep05,5,4,ElasticNet,0.460550458715596,0.117339778783894,0.227931005162117,0.171628988183866,0.172299924043292
24,Fold4.Rep05,5,4,XGBoost-AFT,0.502752293577982,0.112788769268805,0.413513929134953,0.568016568145636,0.364773088849798
24,Fold4.Rep05,5,4,RandomSurvivalForest,0.462385321100918,0.123226130440717,0.234494458977596,0.176699325014835,0.178139971477716
25,Fold5.Rep05,5,5,LASSO-Cox,0.679347826086957,0.163138864523129,0.226491538236753,0.209586873817949,0.19973909219261
25,Fold5.Rep05,5,5,ElasticNet,0.68070652173913,0.162979780087349,0.228018854327253,0.210686789423345,0.200561807945982
25,Fold5.Rep05,5,5,XGBoost-AFT,0.552309782608696,0.206976639393541,0.356063918109836,0.471689658207105,0.344910071903494
25,Fold5.Rep05,5,5,RandomSurvivalForest,0.61820652173913,0.16285651830108,0.21697578254395,0.202016429297604,0.193949576714211
